spectrum	peptide	protein	score	modification	assumed_charge	hit_rank	num_missed_cleavages	NTT
001_DK20084-01_1.mzML	AAAFEEQENETVVVK	sp|Q9Y490|TLN1_HUMAN	832.4123172999999	-1	2	1	0	1
002_DK20084-02_3.mzML	AAAFEEQENETVVVK	sp|Q9Y490|TLN1_HUMAN	832.4123172999999	-1	2	1	0	1
003_DK20084-03_5.mzML	AAAFEEQENETVVVK	sp|Q9Y490|TLN1_HUMAN	832.4123172999999	-1	2	1	0	1
004_DK20084-04_6.mzML	AAAFEEQENETVVVK	sp|Q9Y490|TLN1_HUMAN	832.4123172999999	-1	2	1	0	1
005_DK20084-05_11.mzML	AAAFEEQENETVVVK	sp|Q9Y490|TLN1_HUMAN	832.4123172999999	-1	2	1	0	1
006_DK20084-06_14.mzML	AAAFEEQENETVVVK	sp|Q9Y490|TLN1_HUMAN	832.4123172999999	-1	2	1	0	1
007_DK20084-07_15.mzML	AAAFEEQENETVVVK	sp|Q9Y490|TLN1_HUMAN	832.4123172999999	-1	2	1	0	1
008_DK20084-08_16.mzML	AAAFEEQENETVVVK	sp|Q9Y490|TLN1_HUMAN	832.4123172999999	-1	2	1	0	1
009_DK20084-09_17.mzML	AAAFEEQENETVVVK	sp|Q9Y490|TLN1_HUMAN	832.4123172999999	-1	2	1	0	1
010_DK20084-10_19.mzML	AAAFEEQENETVVVK	sp|Q9Y490|TLN1_HUMAN	832.4123172999999	-1	2	1	0	1
011_DK20084-11_20.mzML	AAAFEEQENETVVVK	sp|Q9Y490|TLN1_HUMAN	832.4123172999999	-1	2	1	0	1
001_DK20084-01_1.mzML	AAAIGIDLGTTYSCVGVFQHGK	sp|P0DMV9|HS71B_HUMAN,sp|P0DMV8|HS71A_HUMAN	755.7159244	14	3	1	0	1
002_DK20084-02_3.mzML	AAAIGIDLGTTYSCVGVFQHGK	sp|P0DMV9|HS71B_HUMAN,sp|P0DMV8|HS71A_HUMAN	755.7159244	14	3	1	0	1
003_DK20084-03_5.mzML	AAAIGIDLGTTYSCVGVFQHGK	sp|P0DMV9|HS71B_HUMAN,sp|P0DMV8|HS71A_HUMAN	755.7159244	14	3	1	0	1
004_DK20084-04_6.mzML	AAAIGIDLGTTYSCVGVFQHGK	sp|P0DMV9|HS71B_HUMAN,sp|P0DMV8|HS71A_HUMAN	755.7159244	14	3	1	0	1
005_DK20084-05_11.mzML	AAAIGIDLGTTYSCVGVFQHGK	sp|P0DMV9|HS71B_HUMAN,sp|P0DMV8|HS71A_HUMAN	755.7159244	14	3	1	0	1
006_DK20084-06_14.mzML	AAAIGIDLGTTYSCVGVFQHGK	sp|P0DMV9|HS71B_HUMAN,sp|P0DMV8|HS71A_HUMAN	755.7159244	14	3	1	0	1
007_DK20084-07_15.mzML	AAAIGIDLGTTYSCVGVFQHGK	sp|P0DMV9|HS71B_HUMAN,sp|P0DMV8|HS71A_HUMAN	755.7159244	14	3	1	0	1
008_DK20084-08_16.mzML	AAAIGIDLGTTYSCVGVFQHGK	sp|P0DMV9|HS71B_HUMAN,sp|P0DMV8|HS71A_HUMAN	755.7159244	14	3	1	0	1
